Ember,2024-05-14T10:45
Ember,2024-05-14T10:45
Ember,2024-05-14T10:45
Ember,2024-05-14T10:45
Ember,2024-05-14T10:45
pellini,2024-05-23T10:44
pellini,2024-05-23T10:44
pellini,2024-05-23T10:44
beretta,2024-05-16T15:45
beretta,2024-05-16T15:45
beretta,2024-05-16T15:45
beretta,2024-05-16T15:45
beretta,2024-05-16T15:45
beretta,2024-05-16T15:45
beretta,2024-05-03T13:52
beretta,2024-05-14T14:59
beretta,2024-05-14T14:59
beretta,2024-05-14T14:59
beretta,2024-05-04T17:38
beretta,2024-05-03T17:23
Ember,2024-05-02T17:27
Ember,2024-05-02T18:30
Ember,2024-05-02T18:30
Ember,2024-05-02T18:30
Ember,2024-05-02T18:30
Ember,2024-05-02T18:30
Ember,2024-05-02T18:30
Ember,2024-05-04T18:41
Ember,2024-05-04T18:41
Ember,2024-05-04T18:41
EmberTimothé,2024-05-02T18:04
EmberTimothé,2024-05-02T18:04
EmberTimothé,2024-05-02T18:04
EmberTimothé,2024-05-02T18:04
EmberTimothé,2024-05-03T11:05
EmberTimothé,2024-05-03T11:52
EmberTimothé,2024-05-03T11:52
EmberTimothé,2024-05-03T11:52
dsfyu8,2024-05-09T00:29
dsfyu8,2024-05-09T00:29
dsfyu8,2024-05-11T10:32
pelliniezio,2024-05-10T01:38
pelliniezio,2024-05-02T01:42
